model,delta_pr_auc,delta_recall_30d,delta_f1_30d
MLP,0.003563657198645237,0.0017857142857142863,0.003430015843167506
Naive Bayes,0.001983321632422791,0.0035714285714285713,0.007114273010226767
Logistic Regression,0.0017932129141045583,0.006696428571428603,-0.00013793921661270359
Linear SVM,0.0017419290007465449,0.005357142857142838,-0.00041464064211887974
Random Forest,0.001469017112904203,0.008482142857142883,-0.0004716875775707674
Decision Tree,0.0001450612503337001,0.0,0.0
