model,delta_pr_auc,delta_recall_30d,delta_f1_30d
MLP,0.04712570972662525,0.005357142857142857,0.010586470141739236
Random Forest,0.0031704061277241236,-0.008035714285714368,0.004648243852000966
Naive Bayes,0.0021818917701263985,0.0026785714285714286,0.0053404539385847796
Linear SVM,0.0015191958534657435,0.0035714285714285587,0.0035856054703342077
Logistic Regression,0.001262302778770319,0.0031250000000000444,0.003919801688118174
Decision Tree,-0.00342454366751746,0.0044642857142858094,-0.002643732512857405
