model,delta_pr_auc,delta_recall_30d,delta_f1_30d
MLP,0.011462786507860229,0.0026785714285714277,0.005245895007414117
Naive Bayes,0.0021818917701263985,0.0026785714285714286,0.0053404539385847796
Linear SVM,0.001476965480483039,-0.0008928571428571397,0.0021128988064585408
Logistic Regression,0.0013223450675932669,0.0035714285714285587,0.00435644012932096
Random Forest,1.1819189385586792e-05,-0.012053571428571441,0.0013818771965111165
Decision Tree,-0.00025568334848335983,-0.0008928571428571397,0.0005942180939755848
