subgroup_variable,min_recall_30d,max_recall_30d,recall_range,min_false_negative_rate,max_false_negative_rate,false_negative_rate_range,min_pr_auc,max_pr_auc,pr_auc_range
Admission source,0.569620253164557,0.6608695652173913,0.09124931205283426,0.3391304347826087,0.43037974683544306,0.09124931205283437,0.17674313730002775,0.20727583836179836,0.030532701061770612
Age group,0.5349794238683128,0.6857749469214437,0.15079552305313093,0.31422505307855625,0.46502057613168724,0.150795523053131,0.16071168510374084,0.24257433740707396,0.08186265230333312
Race group,0.6019184652278178,0.6195652173913043,0.017646752163486545,0.3804347826086957,0.3980815347721823,0.0176467521634866,0.1705968494330355,0.20498143362000795,0.03438458418697246
