subgroup_variable,min_recall_30d,max_recall_30d,recall_range,min_false_negative_rate,max_false_negative_rate,false_negative_rate_range,min_pr_auc,max_pr_auc,pr_auc_range
Admission source,0.3987341772151899,0.5584313725490196,0.15969719533382976,0.4415686274509804,0.6012658227848101,0.1596971953338297,0.1790828558819108,0.2211184556171923,0.04203559973528148
Age group,0.4444444444444444,0.5498938428874734,0.10544939844302903,0.45010615711252655,0.5555555555555556,0.10544939844302903,0.16470085695820647,0.25684976203086696,0.09214890507266049
Race group,0.513189448441247,0.5217391304347826,0.008549681993535563,0.4782608695652174,0.486810551558753,0.008549681993535618,0.17195838005642447,0.21108202822838548,0.03912364817196101
