readmitted,count,percent
NO,53212,53.15140739556905
>30,35545,35.504524841680485
<30,11357,11.344067762750464
